{
    "no": {
        "precision": 0.9174712877324931,
        "recall": 0.9027,
        "f1-score": 0.910025706940874,
        "support": 10000.0
    },
    "yes": {
        "precision": 0.9042417084932586,
        "recall": 0.9188,
        "f1-score": 0.9114627250632409,
        "support": 10000.0
    },
    "accuracy": 0.91675,
    "macro avg": {
        "precision": 0.9118564981128758,
        "recall": 0.91075,
        "f1-score": 0.9187442160020575,
        "support": 20000.0
    },
    "weighted avg": {
        "precision": 0.9108564981128758,
        "recall": 0.91075,
        "f1-score": 0.9107442160020575,
        "support": 20000.0
    }
}