{
    "loss": 0.4285435676574707,
    "accuracy": 0.8090000152587891,
    "roc_auc": 0.8851762399999998,
    "precision": 0.8122894488613395,
    "recall": 0.8037333333333333,
    "f1_score": 0.8079887407010254
}