{
  "no": {
    "precision": 0.8057791265338435,
    "recall": 0.8142666666666667,
    "f1-score": 0.8100006631739505,
    "support": 7500.0
  },
  "yes": {
    "precision": 0.8122894488613395,
    "recall": 0.8037333333333333,
    "f1-score": 0.8079887407010254,
    "support": 7500.0
  },
  "accuracy": 0.809,
  "macro avg": {
    "precision": 0.8122894488613395,
    "recall": 0.8037333333333333,
    "f1-score": 0.8079887407010254,
    "support": 15000.0
  },
  "weighted avg": {
    "precision": 0.8090342876975914,
    "recall": 0.809,
    "f1-score": 0.808994701937488,
    "support": 15000.0
  }
}








